time,node_id,storage,riba_node_id
0,1,1.0,1
0,2,1.0,3
0,3,1.0,6
0,4,1.0,9
86400,1,14.485223352143706,1
86400,2,14.695132322908465,3
86400,3,6.598112631348833,6
86400,4,123.69873277142153,9
172800,1,27.065788968091695,1
172800,2,27.277606864003893,3
172800,3,7.8386676365038905,6
172800,4,225.86525035320656,9
259200,1,39.03075953196248,1
259200,2,39.233797357809685,3
259200,3,8.277551639333542,6
259200,4,314.42309667553974,9
345600,1,50.50901899700469,1
345600,2,50.69690526840425,3
345600,3,8.509246696049544,6
345600,4,392.6262252853269,9
432000,1,61.5775034143127,1
432000,2,61.743743078710345,3
432000,3,8.67017153982539,6
432000,4,462.5384840041862,9
518400,1,72.2903777863473,1
518400,2,72.42464539602395,3
518400,3,8.802415095355222,6
518400,4,525.5789080021933,9
604800,1,82.69612005562655,1
604800,2,82.76835441418922,3
604800,3,8.921697530746911,6
604800,4,582.7857048803548,9
691200,1,92.87923931169833,1
691200,2,92.75205563981942,3
691200,3,9.034836685516645,6
691200,4,634.9538109230755,9
777600,1,102.71534147991731,1
777600,2,102.54773833875154,3
777600,3,9.145862558898557,6
777600,4,682.7126085577158,9
864000,1,112.29486138594207,1
864000,2,112.10220736091163,3
864000,3,9.25767990671099,6
864000,4,726.5738762928121,9
950400,1,121.63946309130138,1
950400,2,121.42716369842879,3
950400,3,9.372585784258149,6
950400,4,766.9612231095223,9
1036800,1,130.76462799343116,1
1036800,2,130.53592763171946,3
1036800,3,9.493147183233859,6
1036800,4,804.231840767939,9
1123200,1,139.68341266172715,1
1123200,2,139.44053420777522,3
1123200,3,9.622702646739839,6
1123200,4,838.6895962490222,9
1209600,1,148.40716632381535,1
1209600,2,148.15175302287588,3
1209600,3,9.766131663918387,6
1209600,4,870.5952530896074,9
1296000,1,156.94591341203062,1
1296000,2,156.67924142284403,3
1296000,3,9.931359762753189,6
1296000,4,900.172907452462,9
1382400,1,165.30860290562435,1
1382400,2,165.03169885471476,3
1382400,3,10.131498365164276,6
1382400,4,927.6139425827079,9
1468800,1,173.50329788634923,1
1468800,2,173.21700925018015,3
1468800,3,10.373125545386046,6
1468800,4,953.0934945694088,9
1555200,1,181.53731114976713,1
1555200,2,181.2423518767131,3
1555200,3,10.654244254805292,6
1555200,4,976.77530573186,9
1641600,1,189.41731780441398,1
1641600,2,189.11429915753527,3
1641600,3,10.972920917226048,6
1641600,4,998.8059112306732,9
1728000,1,197.14944205250492,1
1728000,2,196.83889450113475,3
1728000,3,11.327370460025577,6
1728000,4,1019.3169398101695,9
1814400,1,204.73932266876386,1
1814400,2,204.42171042382864,3
1814400,3,11.715951563931242,6
1814400,4,1038.426907931599,9
1900800,1,212.19218627090657,1
1900800,2,211.86792191795527,3
1900800,3,12.137148277983272,6
1900800,4,1056.2433453536985,9
1987200,1,219.51287874668571,1
1987200,2,219.1823292456197,3
1987200,3,12.589558721467426,6
1987200,4,1072.8635725826775,9
2073600,1,226.70592188215144,1
2073600,2,226.36941731683976,3
2073600,3,13.071880436633535,6
2073600,4,1088.376372277323,9
2160000,1,233.7755384885175,1
2160000,2,233.43337664659578,3
2160000,3,13.582902897107942,6
2160000,4,1102.8626578833007,9
2246400,1,240.72568167749705,1
2246400,2,240.37813475956875,3
2246400,3,14.121498443415845,6
2246400,4,1116.3963525873692,9
2332800,1,247.56007662058053,1
2332800,2,247.20739180101657,3
2332800,3,14.686610320671832,6
2332800,4,1129.0454574781386,9
2419200,1,254.28222678284106,1
2419200,2,253.92463136121808,3
2419200,3,15.277250042441068,6
2419200,4,1140.872314233055,9
2505600,1,260.8954347797462,1
2505600,2,260.5331377886477,3
2505600,3,15.892491377304452,6
2505600,4,1151.9341643489397,9
2592000,1,267.4028293436027,1
2592000,2,267.03602440069625,3
2592000,3,16.53146166559992,6
2592000,4,1162.2838938745547,9
2678400,1,273.8073698728427,1
2678400,2,273.4362358233098,3
2678400,3,17.193340616969977,6
2678400,4,1171.9701666101093,9
2764800,1,280.1118683758552,1
2764800,2,279.73657330147535,3
2764800,3,17.877352836180023,6
2764800,4,1181.0380539322175,9
2851200,1,286.3189959954383,1
2851200,2,285.9396936612224,3
2851200,3,18.582766817853667,6
2851200,4,1189.529143876972,9
2937600,1,292.4312917154815,1
2937600,2,292.0481383690076,3
2937600,3,19.308888963607615,6
2937600,4,1197.4820386491601,9
3024000,1,298.45118917943284,1
3024000,2,298.0643107298891,3
3024000,3,20.0550628102784,6
3024000,4,1204.93243611432,9
3110400,1,304.38100610988994,1
3110400,2,303.99051973869155,3
3110400,3,20.820663791730112,6
3110400,4,1211.9135585648514,9
3196800,1,310.22294331479753,1
3196800,2,309.82897589000424,3
3196800,3,21.605099855552965,6
3196800,4,1218.4561367652336,9
3283200,1,315.9791196842638,1
3283200,2,315.5817880374587,3
3283200,3,22.40780651219086,6
3283200,4,1224.5887915115031,9
3369600,1,321.6515664729044,1
3369600,2,321.2509769081434,3
3369600,3,23.228245524141244,6
3369600,4,1230.3381614586053,9
3456000,1,327.24222273500027,1
3456000,2,326.8384766163075,3
3456000,3,24.065905213826227,6
3456000,4,1235.7288988385499,9
3542400,1,332.7529970596803,1
3542400,2,332.34619131856846,3
3542400,3,24.92028389167683,6
3542400,4,1240.784674868403,9
3628800,1,338.1856238505301,1
3628800,2,337.7758488890297,3
3628800,3,25.79092875674229,6
3628800,4,1245.526162833973,9
3715200,1,343.5418338721527,1
3715200,2,343.1291912656025,3
3715200,3,26.677387161238244,6
3715200,4,1249.9736392442735,9
3801600,1,348.8233357811894,1
3801600,2,348.4078728386578,3
3801600,3,27.579223087741696,6
3801600,4,1254.1460264162258,9
3888000,1,354.0317052485191,1
3888000,2,353.61352006643665,3
3888000,3,28.496023130687092,6
3888000,4,1258.060789075177,9
3974400,1,359.1684439285027,1
3974400,2,358.74761185189806,3
3974400,3,29.427404105468327,6
3974400,4,1261.7336864416911,9
4060800,1,364.23508315886966,1
4060800,2,363.81167421527596,3
4060800,3,30.372974478535582,6
4060800,4,1265.1803958357646,9
4147200,1,369.2330511806833,1
4147200,2,368.807130977004,3
4147200,3,31.33237064950731,6
4147200,4,1268.415010072639,9
4233600,1,374.16376785779164,1
4233600,2,373.7354017789027,3
4233600,3,32.30523173404242,6
4233600,4,1271.451195409669,9
4320000,1,379.0285407268441,1
4320000,2,378.59779353442843,3
4320000,3,33.29122709673453,6
4320000,4,1274.301001682646,9
4406400,1,383.8286707162232,1
4406400,2,383.3955938555432,3
4406400,3,34.2900303402418,6
4406400,4,1276.9760393182037,9
4492800,1,388.5654018825877,1
4492800,2,388.1300462784402,3
4492800,3,35.30132895087735,6
4492800,4,1279.4870842322202,9
4579200,1,393.2399625914587,1
4579200,2,392.80241443426894,3
4579200,3,36.3248108432183,6
4579200,4,1281.8445901546236,9
4665600,1,397.8535453121782,1
4665600,2,397.41384822093005,3
4665600,3,37.36018385735497,6
4665600,4,1284.0580042904467,9
4752000,1,402.4072705044463,1
4752000,2,401.9654646907657,3
4752000,3,38.40716973223198,6
4752000,4,1286.1360692292958,9
4838400,1,406.9022622339715,1
4838400,2,406.4583955253347,3
4838400,3,39.46548886125663,6
4838400,4,1288.087284429882,9
4924800,1,411.33964429110483,1
4924800,2,410.8937711984646,3
4924800,3,40.53486264284851,6
4924800,4,1289.9198668683014,9
5011200,1,415.72038880521245,1
5011200,2,415.27254754043713,3
5011200,3,41.615053685589146,6
5011200,4,1291.6405442278988,9
5097600,1,420.0455111607982,1
5097600,2,419.595768110657,3
5097600,3,42.70580904252046,6
5097600,4,1293.2563126524667,9
5184000,1,424.31604554230154,1
5184000,2,423.8644016592868,3
5184000,3,43.80688341663034,6
5184000,4,1294.7737216893102,9
5270400,1,428.5329220251266,1
5270400,2,428.0794415079153,3
5270400,3,44.91804193438753,6
5270400,4,1296.1988236938373,9
5356800,1,432.69708792098686,1
5356800,2,432.24180419874165,3
5356800,3,46.039057644256616,6
5356800,4,1297.5372706611017,9
5443200,1,436.8094476022074,1
5443200,2,436.3524033555386,3
5443200,3,47.16970976113174,6
5443200,4,1298.7943832706665,9
5529600,1,440.87088825651927,1
5529600,2,440.41211769959443,3
5529600,3,48.30978444100134,6
5529600,4,1299.9751259489942,9
5616000,1,444.88226836086943,1
5616000,2,444.421813156095,3
5616000,3,49.45907335638856,6
5616000,4,1301.0841865021432,9
5702400,1,448.84443350860965,1
5702400,2,448.3823192671075,3
5702400,3,50.61737471212621,6
5702400,4,1302.125930181149,9
5788800,1,452.7581948032414,1
5788800,2,452.2944609045973,3
5788800,3,51.784491883315695,6
5788800,4,1303.104475336289,9
5875200,1,456.62435409681416,1
5875200,2,456.15902928768895,3
5875200,3,52.96023389945799,6
5875200,4,1304.0236746582707,9
5961600,1,460.44368417504256,1
5961600,2,459.9768057579768,3
5961600,3,54.14441490364118,6
5961600,4,1304.8871467913787,9
6048000,1,464.21694944007817,1
6048000,2,463.74854207603454,3
6048000,3,55.33685401173068,6
6048000,4,1305.6982882661325,9
6134400,1,467.94488678424636,1
6134400,2,467.4749802890414,3
6134400,3,56.53737520106233,6
6134400,4,1306.4602836141153,9
6220800,1,471.628217900736,1
6220800,2,471.15684279455525,3
6220800,3,57.7458069871808,6
6220800,4,1307.1761243719586,9
6307200,1,475.2676499306938,1
6307200,2,474.794832249229,3
6307200,3,58.961982342712986,6
6307200,4,1307.8486182832,9
6393600,1,478.86386974782704,1
6393600,2,478.3896383345096,3
6393600,3,60.18573854642909,6
6393600,4,1308.4803988014655,9
6480000,1,482.41755245617435,1
6480000,2,481.9419313565461,3
6480000,3,61.416916903418496,6
6480000,4,1309.0739417111754,9
6566400,1,485.92935435702714,1
6566400,2,485.4523688344277,3
6566400,3,62.65536279198102,6
6566400,4,1309.6315669192838,9
6652800,1,489.3999165844556,1
6652800,2,488.9215947107559,3
6652800,3,63.900925286932306,6
6652800,4,1310.1554568340791,9
6739200,1,492.8298708533663,1
6739200,2,492.3502331120426,3
6739200,3,65.15345721635867,6
6739200,4,1310.647658226059,9
6825600,1,496.2198261251675,1
6825600,2,495.7389026393354,3
6825600,3,66.41281502833215,6
6825600,4,1311.1100907351533,9
6912000,1,499.5703908568464,1
6912000,2,499.0881973754216,3
6912000,3,67.6788583678051,6
6912000,4,1311.5445646745163,9
6998400,1,502.8821468277828,1
6998400,2,502.3987094816051,3
6998400,3,68.95145052539863,6
6998400,4,1311.9527688806975,9
7084800,1,506.15567338830294,1
7084800,2,505.67101087825904,3
7084800,3,70.23045767577787,6
7084800,4,1312.3363000952086,9
7171200,1,509.391531977043,1
7171200,2,508.9056652803773,3
7171200,3,71.51574930965774,6
7171200,4,1312.696650616514,9
7257600,1,512.5902725915348,1
7257600,2,512.1032247026059,3
7257600,3,72.80719784731491,6
7257600,4,1313.0352238426265,9
7344000,1,515.7524359519238,1
7344000,2,515.2642281879758,3
7344000,3,74.10467852472914,6
7344000,4,1313.3533407637947,9
7430400,1,518.878553191149,1
7430400,2,518.3892008049842,3
7430400,3,75.40806954929326,6
7430400,4,1313.652236806133,9
7516800,1,521.9691403902942,1
7516800,2,521.4786626732048,3
7516800,3,76.71725164737688,6
7516800,4,1313.9330779676761,9
7603200,1,525.0247037409774,1
7603200,2,524.533121251788,3
7603200,3,78.0321083805726,6
7603200,4,1314.1969539557158,9
7689600,1,528.0457413717504,1
7689600,2,527.5530734391843,3
7689600,3,79.3525256467816,6
7689600,4,1314.4448938607554,9
7776000,1,531.0327422083349,1
7776000,2,530.5390039745129,3
7776000,3,80.67839202067603,6
7776000,4,1314.677859253261,9
7862400,1,533.9861819436079,1
7862400,2,533.4913929173491,3
7862400,3,82.00959831465809,6
7862400,4,1314.8967570791817,9
7948800,1,536.906530744089,1
7948800,2,536.4107064000813,3
7948800,3,83.34603777139989,6
7948800,4,1315.1024371175556,9
8035200,1,539.7942470920386,1
8035200,2,539.2974047571365,3
8035200,3,84.68760580928347,6
8035200,4,1315.2956990364705,9
8121600,1,542.6497820214556,1
8121600,2,542.1519375957519,3
8121600,3,86.03420010991647,6
8121600,4,1315.477292853798,9
8208000,1,545.4735777394117,1
8208000,2,544.9747467638766,3
8208000,3,87.38572041246539,6
8208000,4,1315.6479242593264,9
8294400,1,548.2660673868843,1
8294400,2,547.7662660480116,3
8294400,3,88.74206858187517,6
8294400,4,1315.8082553045738,9
8380800,1,551.0276776831561,1
8380800,2,550.5269198203283,3
8380800,3,90.10314844108382,6
8380800,4,1315.9589085913935,9
8467200,1,553.7588248120474,1
8467200,2,553.2571269195716,3
8467200,3,91.46886580145531,6
8467200,4,1316.100468650755,9
8553600,1,556.4599208526992,1
8553600,2,555.9572951504194,3
8553600,3,92.83912834008618,6
8553600,4,1316.2334848570451,9
8640000,1,559.1313658697886,1
8640000,2,558.6278291719642,3
8640000,3,94.21384560459398,6
8640000,4,1316.3584732207148,9
8726400,1,561.7735580939652,1
8726400,2,561.2691210817649,3
8726400,3,95.592928911179,6
8726400,4,1316.4759186273184,9
8812800,1,564.3868822690808,1
8812800,2,563.8815620759785,3
8812800,3,96.97629134633826,6
8812800,4,1316.5862765580212,9
8899200,1,566.9717234938512,1
8899200,2,566.465529332518,3
8899200,3,98.36384767009042,6
8899200,4,1316.6899750271607,9
8985600,1,569.5284519504703,1
8985600,2,569.0214012663444,3
8985600,3,99.75551432094983,6
8985600,4,1316.7874161027098,9
9072000,1,572.0574402589012,1
9072000,2,571.549540867027,3
9072000,3,101.15120932352136,6
9072000,4,1316.8789776054243,9
9158400,1,574.5590447561765,1
9158400,2,574.0503144043531,3
9158400,3,102.55085229358099,6
9158400,4,1316.9650144803802,9
9244800,1,577.0336262601279,1
9244800,2,576.5240713124151,3
9244800,3,103.95436435155511,6
9244800,4,1317.0458602759882,9
9331200,1,579.4815280299273,1
9331200,2,578.9711661164858,3
9331200,3,105.3616681390937,6
9331200,4,1317.121828186741,9
9417600,1,581.9030984064524,1
9417600,2,581.3919366525195,3
9417600,3,106.7726877086917,6
9417600,4,1317.1932128679232,9
9504000,1,584.2986697844508,1
9504000,2,583.7867248216528,3
9504000,3,108.18734855784874,6
9504000,4,1317.260290882918,9
9590400,1,586.6685798376978,1
9590400,2,586.1558559095907,3
9590400,3,109.60557755733714,6
9590400,4,1317.3233219957897,9
9676800,1,589.0131474122455,1
9676800,2,588.4996630573063,3
9676800,3,111.027302911162,6
9676800,4,1317.3825506873116,9
9763200,1,591.3327009379129,1
9763200,2,590.8184588259392,3
9763200,3,112.45245415155694,6
9763200,4,1317.438206258063,9
9849600,1,593.6275472448142,1
9849600,2,593.1125667671971,3
9849600,3,113.88096209610626,6
9849600,4,1317.49050434984,9
9936000,1,595.8980225795148,1
9936000,2,595.3823076393526,3
9936000,3,115.3127547779012,6
9936000,4,1317.539659001736,9
10022400,1,598.1444063770189,1
10022400,2,597.6279694575172,3
10022400,3,116.7477701323487,6
10022400,4,1317.5858464789771,9
10108800,1,600.3669908455686,1
10108800,2,599.8498451937203,3
10108800,3,118.18594425890626,6
10108800,4,1317.6292412567398,9
10195200,1,602.5660780769939,1
10195200,2,602.0482286471706,3
10195200,3,119.62721217580338,6
10195200,4,1317.6700136929244,9
10281600,1,604.7419624533567,1
10281600,2,604.223419747012,3
10281600,3,121.07150918396485,6
10281600,4,1317.7083263187053,9
10368000,1,606.8949329765893,1
10368000,2,606.3757059777363,3
10368000,3,122.51877264202528,6
10368000,4,1317.744329028375,9
10454400,1,609.0252693919646,1
10454400,2,608.5053692231394,3
10454400,3,123.96894163294803,6
10454400,4,1317.7781608040975,9
10540800,1,611.1332493062936,1
10540800,2,610.6126839664793,3
10540800,3,125.42195637310817,6
10540800,4,1317.809952044918,9
10627200,1,613.2191439071127,1
10627200,2,612.697923514526,3
10627200,3,126.87775799657413,6
10627200,4,1317.83982565116,9
10713600,1,615.2832228439371,1
10713600,2,614.7613549599791,3
10713600,3,128.3362885698176,6
10713600,4,1317.867897343312,9
10800000,1,617.3257492340771,1
10800000,2,616.8032437150372,3
10800000,3,129.797491141078,6
10800000,4,1317.8942758881083,9
10886400,1,619.3469845138223,1
10886400,2,618.8238486375893,3
10886400,3,131.2613097394891,6
10886400,4,1317.9190634465504,9
10972800,1,621.3471836378495,1
10972800,2,620.8234270124673,3
10972800,3,132.72768935320335,6
10972800,4,1317.9423559869988,9
11059200,1,623.3266001808979,1
11059200,2,622.802229710652,3
11059200,3,134.19657589726705,6
11059200,4,1317.9642436834915,9
11145600,1,625.2854812940618,1
11145600,2,624.7605063923083,3
11145600,3,135.66791619449975,6
11145600,4,1317.9848112742266,9
11232000,1,627.224073113695,1
11232000,2,626.6985002775259,3
11232000,3,137.14165795258384,6
11232000,4,1318.0041383880862,9
11318400,1,629.1426152471969,1
11318400,2,628.6164537738107,3
11318400,3,138.61774975031688,6
11318400,4,1318.022299850134,9
11404800,1,631.0413467489699,1
11404800,2,630.5146026758416,3
11404800,3,140.09614101515797,6
11404800,4,1318.0393659705178,9
11491200,1,632.9204999002166,1
11491200,2,632.393182495181,3
11491200,3,141.57678201016085,6
11491200,4,1318.0554028171532,9
11577600,1,634.7803070400263,1
11577600,2,634.2524218065189,3
11577600,3,143.05962381132747,6
11577600,4,1318.0704724721077,9
11664000,1,636.6209933103426,1
11664000,2,636.0925495984093,3
11664000,3,144.54461829639547,6
11664000,4,1318.0846332722767,9
11750400,1,638.4427847160797,1
11750400,2,637.9137873897381,3
11750400,3,146.03171812218625,6
11750400,4,1318.0979400353795,9
11836800,1,640.2458993967276,1
11836800,2,639.7163580374338,3
11836800,3,147.52087671560525,6
11836800,4,1318.110444272283,9
11923200,1,642.0305574321017,1
11923200,2,641.5004761111276,3
11923200,3,149.0120482503653,6
11923200,4,1318.122194386534,9
12009600,1,643.7969700293886,1
12009600,2,643.2663587663851,3
12009600,3,150.5051876405944,6
12009600,4,1318.1332358618556,9
12096000,1,645.5453518047727,1
12096000,2,645.0142136522628,3
12096000,3,152.00025051624743,6
12096000,4,1318.1436114383328,9
12182400,1,647.275907009845,1
12182400,2,646.7442527210733,3
12182400,3,153.4971932200258,6
12182400,4,1318.1533612779563,9
12268800,1,648.9888453466439,1
12268800,2,648.4566766181487,3
12268800,3,154.99597278051897,6
12268800,4,1318.1625231201706,9
12355200,1,650.6843639514433,1
12355200,2,650.1516927025627,3
12355200,3,156.49654691350747,6
12355200,4,1318.171132428031,9
12441600,1,652.3626683052858,1
12441600,2,651.8294943671203,3
12441600,3,157.9988739914129,6
12441600,4,1318.1792225255426,9
12528000,1,654.0239480644343,1
12528000,2,653.4902851691861,3
12528000,3,159.50291305061523,6
12528000,4,1318.1868247267066,9
12614400,1,655.6684054142298,1
12614400,2,655.13425074813,3
12614400,3,161.00862375509223,6
12614400,4,1318.1939684567828,9
12700800,1,657.2962218504562,1
12700800,2,656.7615919441182,3
12700800,3,162.51596641227593,6
12700800,4,1318.2006813662283,9
12787200,1,658.9075975629772,1
12787200,2,658.372485749531,3
12787200,3,164.02490192764753,6
12787200,4,1318.2069894377657,9
12873600,1,660.5027047097178,1
12873600,2,659.9671318460505,3
12873600,3,165.53539183307817,6
12873600,4,1318.212917086987,9
12960000,1,662.0817433940151,1
12960000,2,661.5456970618159,3
12960000,3,167.04739822735337,6
12960000,4,1318.218487256887,9
13046400,1,663.6448744620988,1
13046400,2,663.108382251698,3
13046400,3,168.56088382322173,6
13046400,4,1318.2237215066943,9
13132800,1,665.192300836443,1
13132800,2,664.6553415543436,3
13132800,3,170.07581186591233,6
13132800,4,1318.2286400953408,9
13219200,1,666.7241687800652,1
13219200,2,666.1867806014567,3
13219200,3,171.59214620886928,6
13219200,4,1318.2332620598959,9
13305600,1,668.2406885891229,1
13305600,2,667.7028366621241,3
13305600,3,173.10985119750285,6
13305600,4,1318.2376052892678,9
13392000,1,669.7419865254693,1
13392000,2,669.2037258646351,3
13392000,3,174.62889178980845,6
13392000,4,1318.2416865934588,9
13478400,1,671.2282875723587,1
13478400,2,670.6895616719979,3
13478400,3,176.14923338454582,6
13478400,4,1318.2455217686434,9
13564800,1,672.6996889716496,1
13564800,2,672.1605799906282,3
13564800,3,177.67084201339617,6
13564800,4,1318.2491256583153,9
13651200,1,674.156442378178,1
13651200,2,673.6168588859499,3
13651200,3,179.1936840791568,6
13651200,4,1318.2525122107545,9
13737600,1,675.5986008719598,1
13737600,2,675.0586693919186,3
13737600,3,180.71772666388074,6
13737600,4,1318.2556945330175,9
13824000,1,677.0264627684504,1
13824000,2,676.4860346195998,3
13824000,3,182.24293711935024,6
13824000,4,1318.2586849416798,9
13910400,1,678.4400112956365,1
13910400,2,677.8992865440151,3
13910400,3,183.76928356632857,6
13910400,4,1318.2614950105094,9
13996800,1,679.8396253014997,1
13996800,2,679.2983599618782,3
13996800,3,185.29673423911618,6
13996800,4,1318.264135615271,9
14083200,1,681.2251740684193,1
14083200,2,680.6836918693054,3
14083200,3,186.82525830460258,6
14083200,4,1318.266616975822,9
14169600,1,682.5971752122526,1
14169600,2,682.0550711763872,3
14169600,3,188.35482479166603,6
14169600,4,1318.2689486956745,9
14256000,1,683.9553977636398,1
14256000,2,683.4130278554866,3
14256000,3,189.88540368670715,6
14256000,4,1318.271139799138,9
14342400,1,685.3002121994301,1
14342400,2,684.7574869153144,3
14342400,3,191.4169653704539,6
14342400,4,1318.2731987663174,9
14428800,1,686.6317463761574,1
14428800,2,686.0886134977084,3
14428800,3,192.9494804745384,6
14428800,4,1318.2751335659098,9
14515200,1,687.9500950913315,1
14515200,2,687.4066017928023,3
14515200,3,194.48292009694887,6
14515200,4,1318.2769516860512,9
14601600,1,689.2554306805799,1
14601600,2,688.7115646699988,3
14601600,3,196.0172557718031,6
14601600,4,1318.2786601632265,9
14688000,1,690.5478810463002,1
14688000,2,690.003655643904,3
14688000,3,197.55245947064077,6
14688000,4,1318.2802656096042,9
14774400,1,691.8276003411498,1
14774400,2,691.2829986378791,3
14774400,3,199.08850354099218,6
14774400,4,1318.2817742385791,9
14860800,1,693.0947005219483,1
14860800,2,692.5497559466526,3
14860800,3,200.6253607755698,6
14860800,4,1318.2831918888269,9
14947200,1,694.3493493440582,1
14947200,2,693.804030967151,3
14947200,3,202.16300431125387,6
14947200,4,1318.2845240469123,9
15033600,1,695.591638563565,1
15033600,2,695.045999199548,3
15033600,3,203.7014077423696,6
15033600,4,1318.2857758685245,9
15120000,1,696.8217448165166,1
15120000,2,696.2757483393145,3
15120000,3,205.24054498519695,6
15120000,4,1318.2869521984148,9
15206400,1,698.0397658764649,1
15206400,2,697.493441481927,3
15206400,3,206.78039035433358,6
15206400,4,1318.2880575891973,9
15292800,1,699.245866001252,1
15292800,2,698.699172440751,3
15292800,3,208.32091847058177,6
15292800,4,1318.2890963189202,9
15379200,1,700.4401284215511,1
15379200,2,699.8931123440411,3
15379200,3,209.86210439094793,6
15379200,4,1318.2900724076144,9
15465600,1,701.6227126603466,1
15465600,2,701.0753530476429,3
15465600,3,211.4039235059306,6
15465600,4,1318.2909896329052,9
15552000,1,702.7937069617354,1
15552000,2,702.246054152535,3
15552000,3,212.9463516189976,6
15552000,4,1318.2918515445951,9
15638400,1,703.9532795055112,1
15638400,2,703.4052928300282,3
15638400,3,214.4893648012369,6
15638400,4,1318.2926614783946,9
15724800,1,705.1015162197119,1
15724800,2,704.553225350607,3
15724800,3,216.03293948459168,6
15724800,4,1318.2934225688723,9
15811200,1,706.2385747121133,1
15811200,2,705.6899338144103,3
15811200,3,217.57705236997458,6
15811200,4,1318.2941377615562,9
15897600,1,707.3645249753828,1
15897600,2,706.8155844351027,3
15897600,3,219.12168057077815,6
15897600,4,1318.2948098243264,9
15984000,1,708.4795210318078,1
15984000,2,707.9302567035667,3
15984000,3,220.6668014993686,6
15984000,4,1318.2954413581642,9
16070400,1,709.5836377028457,1
16070400,2,709.0341059861112,3
16070400,3,222.21239295752275,6
16070400,4,1318.2960348071888,9
16156800,1,710.6770407516768,1
16156800,2,710.1271945546396,3
16156800,3,223.7584329722447,6
16156800,4,1318.2965924681143,9
16243200,1,711.7598152120837,1
16243200,2,711.209662758956,3
16243200,3,225.30489986659495,6
16243200,4,1318.2971164991577,9
16329600,1,712.8320723517955,1
16329600,2,712.2816218369527,3
16329600,3,226.85177229233273,6
16329600,4,1318.2976089283925,9
16416000,1,713.893919225067,1
16416000,2,713.3431843660028,3
16416000,3,228.3990292307153,6
16416000,4,1318.2980716615805,9
16502400,1,714.9454751131497,1
16502400,2,714.3944482165792,3
16502400,3,229.94664993773154,6
16502400,4,1318.2985064895493,9
16588800,1,715.986835841834,1
16588800,2,715.4355320662078,3
16588800,3,231.49461396851575,6
16588800,4,1318.2989150951303,9
16675200,1,717.018123524272,1
16675200,2,716.4665259861863,3
16675200,3,233.04290113178263,6
16675200,4,1318.299299059673,9
16761600,1,718.0394191225238,1
16761600,2,717.4875583898421,3
16761600,3,234.59149155969135,6
16761600,4,1318.2996598691634,9
16848000,1,719.0508593890562,1
16848000,2,718.4986998151594,3
16848000,3,236.1403656067357,6
16848000,4,1318.2999989199757,9
16934400,1,720.0524994161482,1
16934400,2,719.5000994415832,3
16934400,3,237.68950398198058,6
16934400,4,1318.3003175242716,9
17020800,1,721.044491345763,1
17020800,2,720.4918074728247,3
17020800,3,239.23888759610986,6
17020800,4,1318.300616915081,9
17107200,1,722.0269094855138,1
17107200,2,721.4739496339957,3
17107200,3,240.78849761646143,6
17107200,4,1318.3008982510783,9
17193600,1,722.9998520368373,1
17193600,2,722.4466252578894,3
17193600,3,242.3383154937817,6
17193600,4,1318.3011626210705,9
17280000,1,723.9634150244464,1
17280000,2,723.4099333803532,3
17280000,3,243.88832295991233,6
17280000,4,1318.3014110481963,9
17366400,1,724.9177041233044,1
17366400,2,724.3639612512491,3
17366400,3,245.43850198082305,6
17366400,4,1318.3016444938917,9
17452800,1,725.8628051402942,1
17452800,2,725.3088137065947,3
17452800,3,246.9888347777719,6
17452800,4,1318.3018638616134,9
17539200,1,726.7988260723589,1
17539200,2,726.2445713837445,3
17539200,3,248.5393037895417,6
17539200,4,1318.3020700003367,9
17625600,1,727.725839112486,1
17625600,2,727.1713482791451,3
17625600,3,250.08989173459895,6
17625600,4,1318.3022637078398,9
17712000,1,728.6439662241257,1
17712000,2,728.0892068241062,3
17712000,3,251.64058152027542,6
17712000,4,1318.3024457337892,9
17798400,1,729.5532549913023,1
17798400,2,728.9982811728867,3
17798400,3,253.19135636475994,6
17798400,4,1318.3026167826436,9
17884800,1,730.4538429531401,1
17884800,2,729.8986138848022,3
17884800,3,254.74219965473617,6
17884800,4,1318.3027775163755,9
17971200,1,731.345795408507,1
17971200,2,730.7903177597278,3
17971200,3,256.29309499652754,6
17971200,4,1318.3029285570415,9
18057600,1,732.2291991121895,1
18057600,2,731.6734819489972,3
18057600,3,257.8440262437932,6
18057600,4,1318.3030704891867,9
18144000,1,733.104140216195,1
18144000,2,732.5481940486372,3
18144000,3,259.3949774937073,6
18144000,4,1318.3032038621018,9
18230400,1,733.9707124717968,1
18230400,2,733.4145321953064,3
18230400,3,260.94593304552586,6
18230400,4,1318.3033291919514,9
18316800,1,734.8289930585397,1
18316800,2,734.2725891217027,3
18316800,3,262.49687741735715,6
18316800,4,1318.3034469637726,9
18403200,1,735.6790775187521,1
18403200,2,735.122437446488,3
18403200,3,264.0477953151815,6
18403200,4,1318.3035576333532,9
18489600,1,736.5210308653554,1
18489600,2,735.9641781866877,3
18489600,3,265.59867168696246,6
18489600,4,1318.303661628995,9
18576000,1,737.3549614129045,1
18576000,2,736.7978674953355,3
18576000,3,267.1494916432132,6
18576000,4,1318.3037593531699,9
18662400,1,738.1809115244932,1
18662400,2,737.6236251427162,3
18662400,3,268.7002405662265,6
18662400,4,1318.30385118408,9
18748800,1,738.9990044749277,1
18748800,2,738.4414885716853,3
18748800,3,270.25090398143425,6
18748800,4,1318.3039374771197,9
18835200,1,739.8092984792752,1
18835200,2,739.2515585461667,3
18835200,3,271.80146760329535,6
18835200,4,1318.30401856625,9
18921600,1,740.611870395199,1
18921600,2,740.0539152583447,3
18921600,3,273.3519173625566,6
18921600,4,1318.3040947652948,9
19008000,1,741.406797527839,1
19008000,2,740.8486365594719,3
19008000,3,274.90223940226497,6
19008000,4,1318.30416636915,9
19094400,1,742.1941638265423,1
19094400,2,741.6357920422927,3
19094400,3,276.4524200385674,6
19094400,4,1318.3042336549297,9
19180800,1,742.9740378063907,1
19180800,2,742.4154649996508,3
19180800,3,278.00244577833473,6
19180800,4,1318.3042968830364,9
19267200,1,743.7465095225787,1
19267200,2,743.1877158117147,3
19267200,3,279.5523032716894,6
19267200,4,1318.3043562990579,9
19353600,1,744.5116149115402,1
19353600,2,743.9526566629156,3
19353600,3,281.10197943811636,6
19353600,4,1318.3044121324951,9
19440000,1,745.2694850864862,1
19440000,2,744.7103034281841,3
19440000,3,282.6514613045608,6
19440000,4,1318.3044645988712,9
19526400,1,746.0201547508677,1
19526400,2,745.4607668375617,3
19526400,3,284.2007360638145,6
19526400,4,1318.3045139005203,9
19612800,1,746.763695503834,1
19612800,2,746.2041188729478,3
19612800,3,285.7497911219227,6
19612800,4,1318.3045602284724,9
19699200,1,747.5001927716244,1
19699200,2,746.9404162040237,3
19699200,3,287.29861404459643,6
19699200,4,1318.3046037624536,9
19785600,1,748.22970142091,1
19785600,2,747.6697443540307,3
19785600,3,288.847192587338,6
19785600,4,1318.3046446711492,9
19872000,1,748.9523147327936,1
19872000,2,748.3921492343022,3
19872000,3,290.39551462421605,6
19872000,4,1318.304683112892,9
19958400,1,749.6680639976864,1
19958400,2,749.107736760145,3
19958400,3,291.9435682598503,6
19958400,4,1318.3047192364174,9
20044800,1,750.377073581285,1
20044800,2,749.8165189676909,3
20044800,3,293.49134166365775,6
20044800,4,1318.3047531815064,9
20131200,1,751.0793478204653,1
20131200,2,750.5186258383349,3
20131200,3,295.03882325060545,6
20131200,4,1318.3047850795278,9
20217600,1,751.7749840260831,1
20217600,2,751.2140928332494,3
20217600,3,296.58600160569813,6
20217600,4,1318.3048150539344,9
20304000,1,752.4640516785173,1
20304000,2,751.9029820580905,3
20304000,3,298.1328654338456,6
20304000,4,1318.3048432207347,9
20390400,1,753.1466146301314,1
20390400,2,752.5853600067319,3
20390400,3,299.67940356797726,6
20390400,4,1318.3048696889357,9
20476800,1,753.8227299350885,1
20476800,2,753.2612984476632,3
20476800,3,301.22560500940585,6
20476800,4,1318.3048945609698,9
20563200,1,754.4924671264134,1
20563200,2,753.9308552594732,3
20563200,3,302.7714589124248,6
20563200,4,1318.3049179330937,9
20649600,1,755.15588008124,1
20649600,2,754.5941024501753,3
20649600,3,304.316954600959,6
20649600,4,1318.3049398957605,9
20736000,1,755.8130467397618,1
20736000,2,755.2510868220869,3
20736000,3,305.8620815149475,6
20736000,4,1318.304960533967,9
20822400,1,756.4640056078974,1
20822400,2,755.9018930053069,3
20822400,3,307.4068292760535,6
20822400,4,1318.3049799275864,9
20908800,1,757.1088535988442,1
20908800,2,756.5465463639439,3
20908800,3,308.95118758284343,6
20908800,4,1318.304998151672,9
20995200,1,757.7476105362739,1
20995200,2,757.1851476574911,3
20995200,3,310.49514632889304,6
20995200,4,1318.3050152767523,9
21081600,1,758.380367626668,1
21081600,2,757.8177251608688,3
21081600,3,312.0386955194863,6
21081600,4,1318.3050313691044,9
21168000,1,759.0071436771696,1
21168000,2,758.4443777290749,3
21168000,3,313.5818253733678,6
21168000,4,1318.3050464910066,9
21254400,1,759.6280507431829,1
21254400,2,759.0651103368224,3
21254400,3,315.12452615595976,6
21254400,4,1318.3050607009814,9
21340800,1,760.2431197243968,1
21340800,2,759.680007994882,3
21340800,3,316.6667882482857,6
21340800,4,1318.3050740540223,9
21427200,1,760.8524036532394,1
21427200,2,760.2891321124919,3
21427200,3,318.2086021963478,6
21427200,4,1318.3050866018075,9
21513600,1,761.4559607544625,1
21513600,2,760.8925375146006,3
21513600,3,319.7499587010461,6
21513600,4,1318.3050983928983,9
21600000,1,762.053852311537,1
21600000,2,761.4902748459134,3
21600000,3,321.2908485803878,6
21600000,4,1318.305109472928,9
21686400,1,762.6461303419364,1
21686400,2,762.0824028754087,3
21686400,3,322.83126277259726,6
21686400,4,1318.3051198847745,9
21772800,1,763.23285522065,1
21772800,2,762.6689709552818,3
21772800,3,324.3711923248716,6
21772800,4,1318.305129668734,9
21859200,1,763.8140711775709,1
21859200,2,763.2500432901811,3
21859200,3,325.9106284266418,6
21859200,4,1318.3051388626718,9
21945600,1,764.3898467672138,1
21945600,2,763.8256587878665,3
21945600,3,327.44956236484995,6
21945600,4,1318.3051475021693,9
22032000,1,764.9602116231049,1
22032000,2,764.3958938432196,3
22032000,3,328.9879855892723,6
22032000,4,1318.3051556206606,9
22118400,1,765.5252553899563,1
22118400,2,764.9607641996699,3
22118400,3,330.52588960114963,6
22118400,4,1318.3051632495653,9
22204800,1,766.0849718112245,1
22204800,2,765.5203796638395,3
22204800,3,332.0632661221266,6
22204800,4,1318.305170418409,9
22291200,1,766.6394785449193,1
22291200,2,766.0747256724828,3
22291200,3,333.60010689999945,6
22291200,4,1318.3051771549356,9
22377600,1,767.1887948481171,1
22377600,2,766.6238851021233,3
22377600,3,335.1364037802382,6
22377600,4,1318.3051834852154,9
22464000,1,767.7329653782244,1
22464000,2,767.1679140769293,3
22464000,3,336.67214876113985,6
22464000,4,1318.3051894337477,9
22550400,1,768.2720437261273,1
22550400,2,767.7068585649754,3
22550400,3,338.2073339762851,6
22550400,4,1318.3051950235526,9
22636800,1,768.8060834181142,1
22636800,2,768.2407636377591,3
22636800,3,339.7419516579662,6
22636800,4,1318.3052002762643,9
22723200,1,769.3351328720405,1
22723200,2,768.7696785492644,3
22723200,3,341.27599413243615,6
22723200,4,1318.3052052122111,9
22809600,1,769.8592414123441,1
22809600,2,769.2936506923161,3
22809600,3,342.80945382426125,6
22809600,4,1318.3052098504963,9
22896000,1,770.3784536272738,1
22896000,2,769.8127311387107,3
22896000,3,344.3423232711334,6
22896000,4,1318.3052142090694,9
22982400,1,770.8928209380342,1
22982400,2,770.3269631644671,3
22982400,3,345.87459511091265,6
22982400,4,1318.3052183047985,9
23068800,1,771.402383544098,1
23068800,2,770.8364001944099,3
23068800,3,347.4062620974182,6
23068800,4,1318.3052221535327,9
23155200,1,771.9071986074609,1
23155200,2,771.3410778646324,3
23155200,3,348.9373170659933,6
23155200,4,1318.3052257701686,9
23241600,1,772.4072949632841,1
23241600,2,771.8410589691355,3
23241600,3,350.4677529820374,6
23241600,4,1318.3052291687038,9
23328000,1,772.902745265556,1
23328000,2,772.336361888608,3
23328000,3,351.9975628604607,6
23328000,4,1318.3052323622915,9
23414400,1,773.3935509296234,1
23414400,2,772.8270747513591,3
23414400,3,353.5267398921633,6
23414400,4,1318.3052353632897,9
23500800,1,773.8798061901975,1
23500800,2,773.3131924175575,3
23500800,3,355.0552772976548,6
23500800,4,1318.3052381833118,9
23587200,1,774.361515845665,1
23587200,2,773.7947980362103,3
23587200,3,356.58316842562044,6
23587200,4,1318.3052408332724,9
23673600,1,774.838775552962,1
23673600,2,774.2718837079544,3
23673600,3,358.11040661840116,6
23673600,4,1318.305243323426,9
23760000,1,775.3115583321514,1
23760000,2,774.7445624589973,3
23760000,3,359.6369854266168,6
23760000,4,1318.3052456634114,9
23846400,1,775.7799411936621,1
23846400,2,775.2128422679968,3
23846400,3,361.16289851709735,6
23846400,4,1318.3052478622835,9
23932800,1,776.243973973309,1
23932800,2,775.6767577652593,3
23932800,3,362.6881395981254,6
23932800,4,1318.3052499285518,9
24019200,1,776.7036936322907,1
24019200,2,776.1363557977174,3
24019200,3,364.21270243866365,6
24019200,4,1318.3052518702143,9
24105600,1,777.1591389104765,1
24105600,2,776.591680537239,3
24105600,3,365.7365809021953,6
24105600,4,1318.3052536947848,9
24192000,1,777.6103482339795,1
24192000,2,777.0427754819856,3
24192000,3,367.2597689598465,6
24192000,4,1318.3052554093244,9
24278400,1,778.0573657908358,1
24278400,2,777.489677528582,3
24278400,3,368.78226066982324,6
24278400,4,1318.3052570204686,9
24364800,1,778.5002276900273,1
24364800,2,777.9324307911238,3
24364800,3,370.30405018071724,6
24364800,4,1318.305258534453,9
24451200,1,778.9389814205601,1
24451200,2,778.371067316675,3
24451200,3,371.82513170718903,6
24451200,4,1318.305259957137,9
24537600,1,779.3736540180794,1
24537600,2,778.8056386540947,3
24537600,3,373.3454995674688,6
24537600,4,1318.3052612940255,9
24624000,1,779.8043041074593,1
24624000,2,779.2361642175133,3
24624000,3,374.8651481264683,6
24624000,4,1318.3052625502933,9
24710400,1,780.2309382108856,1
24710400,2,779.6627143198521,3
24710400,3,376.3840718886927,6
24710400,4,1318.305263730802,9
24796800,1,780.6536463151292,1
24796800,2,780.0852756954339,3
24796800,3,377.9022653450893,6
24796800,4,1318.3052648401206,9
24883200,1,781.0724066668449,1
24883200,2,780.5039454778982,3
24883200,3,379.41972314602845,6
24883200,4,1318.3052658825418,9
24969600,1,781.4873036439526,1
24969600,2,780.9187141944567,3
24969600,3,380.93643997941945,6
24969600,4,1318.3052668620996,9
25056000,1,781.8983110335726,1
25056000,2,781.3296813387099,3
25056000,3,382.4524107330667,6
25056000,4,1318.305267782585,9
25142400,1,782.3055512727628,1
25142400,2,781.7367980104706,3
25142400,3,383.9676302300609,6
25142400,4,1318.3052686475603,9
25228800,1,782.7090189888281,1
25228800,2,782.1401426100945,3
25228800,3,385.4820933367737,6
25228800,4,1318.3052694603725,9
25315200,1,783.1087397143292,1
25315200,2,782.5397614647902,3
25315200,3,386.99579505553857,6
25315200,4,1318.3052702241685,9
25401600,1,783.504756544186,1
25401600,2,782.9356823844078,3
25401600,3,388.50873049530355,6
25401600,4,1318.3052709419032,9
25488000,1,783.8971054318472,1
25488000,2,783.3279396286252,3
25488000,3,390.020894834689,6
25488000,4,1318.3052716163547,9
25574400,1,784.2858286282672,1
25574400,2,783.7165606904937,3
25574400,3,391.53228329074636,6
25574400,4,1318.3052722501345,9
25660800,1,784.67094923697,1
25660800,2,784.1015914344276,3
25660800,3,393.04289116239534,6
25660800,4,1318.3052728456937,9
25747200,1,785.0525177675845,1
25747200,2,784.4830498243831,3
25747200,3,394.5527137910508,6
25747200,4,1318.3052734053372,9
25833600,1,785.4305397505086,1
25833600,2,784.8609977228322,3
25833600,3,396.0617466433905,6
25833600,4,1318.305273931231,9
25920000,1,785.8050946267117,1
25920000,2,785.2354229862622,3
25920000,3,397.5699851728755,6
25920000,4,1318.3052744254123,9
26006400,1,786.1761627091219,1
26006400,2,785.6064114278647,3
26006400,3,399.0774249714427,6
26006400,4,1318.3052748897917,9
26092800,1,786.5438187339178,1
26092800,2,785.973954039551,3
26092800,3,400.58406166061786,6
26092800,4,1318.3052753261659,9
26179200,1,786.908038182903,1
26179200,2,786.3381396288132,3
26179200,3,402.0898910385322,6
26179200,4,1318.3052757362252,9
26265600,1,787.2689308105541,1
26265600,2,786.6989229893654,3
26265600,3,403.5949088410439,6
26265600,4,1318.3052761215558,9
26352000,1,787.6264910921823,1
26352000,2,787.0563737671176,3
26352000,3,405.0991108385151,6
26352000,4,1318.3052764836489,9
26438400,1,787.9807403893251,1
26438400,2,787.4105336816078,3
26438400,3,406.60249292207527,6
26438400,4,1318.3052768239052,9
26524800,1,788.3317178379884,1
26524800,2,787.761425852917,3
26524800,3,408.1050510738896,6
26524800,4,1318.3052771436423,9
26611200,1,788.6794532184363,1
26611200,2,788.1090821333514,3
26611200,3,409.6067813389109,6
26611200,4,1318.3052774440985,9
26697600,1,789.023986968693,1
26697600,2,788.4535233607893,3
26697600,3,411.1076797873852,6
26697600,4,1318.3052777264352,9
26784000,1,789.3653338888162,1
26784000,2,788.7947952679865,3
26784000,3,412.60774256943796,6
26784000,4,1318.3052779917448,9
26870400,1,789.7035474511863,1
26870400,2,789.1329046063245,3
26870400,3,414.10696585423875,6
26870400,4,1318.3052782410546,9
26956800,1,790.0386172309181,1
26956800,2,789.4679208819182,3
26956800,3,415.6053459475129,6
26956800,4,1318.3052784753295,9
27043200,1,790.3706385351898,1
27043200,2,789.7998081228504,3
27043200,3,417.1028790951618,6
27043200,4,1318.305278695477,9
27129600,1,790.6995643737964,1
27129600,2,790.128671346065,3
27129600,3,418.59956170342184,6
27129600,4,1318.305278902349,9
27216000,1,791.0254586477618,1
27216000,2,790.4545039470997,3
27216000,3,420.09539025741105,6
27216000,4,1318.3052790967454,9
27302400,1,791.3483602001547,1
27302400,2,790.777324201865,3
27302400,3,421.59036124379054,6
27302400,4,1318.3052792794192,9
27388800,1,791.6682879640975,1
27388800,2,791.0971698784384,3
27388800,3,423.0844711846189,6
27388800,4,1318.3052794510772,9
27475200,1,791.9852733103685,1
27475200,2,791.4140657727512,3
27475200,3,424.57771665398104,6
27475200,4,1318.3052796123825,9
27561600,1,792.2993304106053,1
27561600,2,791.7280530302808,3
27561600,3,426.0700943225793,6
27561600,4,1318.3052797639602,9
27648000,1,792.6105084486826,1
27648000,2,792.0391374652017,3
27648000,3,427.56160088321076,6
27648000,4,1318.3052799063971,9
27734400,1,792.9188006221825,1
27734400,2,792.347379915768,3
27734400,3,429.0522331414186,6
27734400,4,1318.3052800402452,9
27820800,1,793.2242915890142,1
27820800,2,792.6527500077684,3
27820800,3,430.5419878453422,6
27820800,4,1318.305280166021,9
27907200,1,793.5269411835243,1
27907200,2,792.9553410342628,3
27907200,3,432.03086188358793,6
27907200,4,1318.305280284211,9
27993600,1,793.8268284437677,1
27993600,2,793.2551268773739,3
27993600,3,433.51885215157836,6
27993600,4,1318.3052803952742,9
28080000,1,794.1239302409458,1
28080000,2,793.5521825398054,3
28080000,3,435.005955670239,6
28080000,4,1318.3052804996394,9
28166400,1,794.4183252384705,1
28166400,2,793.8464812857756,3
28166400,3,436.492169430936,6
28166400,4,1318.3052805977104,9
28252800,1,794.7099908116684,1
28252800,2,794.1380967864703,3
28252800,3,437.9774905274912,6
28252800,4,1318.3052806898681,9
28339200,1,794.9989965835762,1
28339200,2,794.4270103787194,3
28339200,3,439.46191604425894,6
28339200,4,1318.3052807764684,9
28425600,1,795.2853055800078,1
28425600,2,794.7133086805615,3
28425600,3,440.9454432295611,6
28425600,4,1318.3052808578468,9
28512000,1,795.5690236821251,1
28512000,2,794.9969358612043,3
28512000,3,442.42806925329114,6
28512000,4,1318.3052809343178,9
28598400,1,795.8501360359996,1
28598400,2,795.2779565233207,3
28598400,3,443.9097913068299,6
28598400,4,1318.3052810061768,9
28684800,1,796.1286554548583,1
28684800,2,795.5564066653466,3
28684800,3,445.3906066923546,6
28684800,4,1318.3052810737017,9
28771200,1,796.4046158075262,1
28771200,2,795.8323005634059,3
28771200,3,446.8705127852986,6
28771200,4,1318.3052811371545,9
28857600,1,796.6780378275362,1
28857600,2,796.1056651337201,3
28857600,3,448.3495070102658,6
28857600,4,1318.3052811967814,9
28944000,1,796.9489593779681,1
28944000,2,796.3765100221044,3
28944000,3,449.82758679118615,6
28944000,4,1318.3052812528126,9
29030400,1,797.2173811173084,1
29030400,2,796.6448813900753,3
29030400,3,451.3047496286017,6
29030400,4,1318.3052813054646,9
29116800,1,797.4833621456482,1
29116800,2,796.9107669531782,3
29116800,3,452.7809930035428,6
29116800,4,1318.3052813549414,9
29203200,1,797.7468639405424,1
29203200,2,797.1742507650104,3
29203200,3,454.2563145578506,6
29203200,4,1318.305281401435,9
29289600,1,798.0079808209553,1
29289600,2,797.4352842656729,3
29289600,3,455.73071188144695,6
29289600,4,1318.3052814451253,9
29376000,1,798.2666786951895,1
29376000,2,797.693946528784,3
29376000,3,457.20418265399394,6
29376000,4,1318.305281486181,9
29462400,1,798.5230333818085,1
29462400,2,797.9502068566803,3
29462400,3,458.67672451587487,6
29462400,4,1318.3052815247602,9
29548800,1,798.7770094333605,1
29548800,2,798.2041447741783,3
29548800,3,460.14833523499874,6
29548800,4,1318.3052815610122,9
29635200,1,799.0286817657911,1
29635200,2,798.455729429752,3
29635200,3,461.6190125617918,6
29635200,4,1318.3052815950782,9
29721600,1,799.2780231904617,1
29721600,2,798.7050311992637,3
29721600,3,463.0887543510512,6
29721600,4,1318.3052816270888,9
29808000,1,799.5251244441397,1
29808000,2,798.9520030322644,3
29808000,3,464.5575583682512,6
29808000,4,1318.3052816571694,9
29894400,1,799.7699164059545,1
29894400,2,799.1967563206997,3
29894400,3,466.025422559268,6
29894400,4,1318.3052816854365,9
29980800,1,800.0124695978161,1
29980800,2,799.4392639368165,3
29980800,3,467.49234484771205,6
29980800,4,1318.3052817120042,9
30067200,1,800.2528084477349,1
30067200,2,799.6795425154146,3
30067200,3,468.95832324651155,6
30067200,4,1318.3052817369714,9
30153600,1,800.4909455797315,1
30153600,2,799.9176202300407,3
30153600,3,470.4233557918524,6
30153600,4,1318.3052817604328,9
30240000,1,800.7269020615486,1
30240000,2,800.153515371079,3
30240000,3,471.8874406022642,6
30240000,4,1318.3052817824755,9
30326400,1,800.9606932311563,1
30326400,2,800.3872533762349,3
30326400,3,473.3505757622029,6
30326400,4,1318.305281803186,9
30412800,1,801.1923490938257,1
30412800,2,800.618845317442,3
30412800,3,474.8127593516633,6
30412800,4,1318.3052818226465,9
30499200,1,801.4218748220255,1
30499200,2,800.8483261539992,3
30499200,3,476.27398953107286,6
30499200,4,1318.305281840934,9
30585600,1,801.6493155175913,1
30585600,2,801.0756904828452,3
30585600,3,477.73426446744315,6
30585600,4,1318.3052818581186,9
30672000,1,801.8746477568293,1
30672000,2,801.3010003641858,3
30672000,3,479.1935824477414,6
30672000,4,1318.3052818742667,9
30758400,1,802.0979408941548,1
30758400,2,801.5242252092337,3
30758400,3,480.6519417253403,6
30758400,4,1318.3052818894416,9
30844800,1,802.3191741614132,1
30844800,2,801.7454239791113,3
30844800,3,482.10934062046863,6
30844800,4,1318.3052819037016,9
30931200,1,802.5384226872889,1
30931200,2,801.9645601701657,3
30931200,3,483.56577737634234,6
30931200,4,1318.305281917102,9
31017600,1,802.7556281047919,1
31017600,2,802.1817295093558,3
31017600,3,485.02125039680914,6
31017600,4,1318.3052819296943,9
31104000,1,802.9708502210542,1
31104000,2,802.3969033702913,3
31104000,3,486.4757583671976,6
31104000,4,1318.30528194152,9
31190400,1,803.1841000566587,1
31190400,2,802.6101083031884,3
31190400,3,487.92929971587773,6
31190400,4,1318.305281952626,9
31276800,1,803.3954076304885,1
31276800,2,802.821362637208,3
31276800,3,489.3818724004359,6
31276800,4,1318.30528196307,9
31363200,1,803.6047831061051,1
31363200,2,803.030690138252,3
31363200,3,490.8334750129811,6
31363200,4,1318.3052819728905,9
31449600,1,803.8122512027439,1
31449600,2,803.2380980856442,3
31449600,3,492.28410624340177,6
31449600,4,1318.3052819821191,9
31536000,1,804.0178117009682,1
31536000,2,803.4436206237904,3
31536000,3,493.7337647415429,6
31536000,4,1318.3052819907896,9
